Dataset_Setting,Model_Setting,Data_Name,Num_Symbols,N_Order,Model_Type,Attention_Only,PE_Type,Use_Residual,Use_LN,Layers,Heads,Embed_Dim,LR,Final_Sample_CE,Final_Theory_CE,Final_Sample_KL,Final_Theory_KL
ICL-Markov_V2_O1,L2_H1_D16_performer_AttnOnlyTrue_PE-none_ResTrue_LNTrue_LR0.0005,ICL-Markov,2,1,performer,True,none,True,True,2,1,16,0.0005,0.572835,0.558489,0.572835,0.076749
ICL-Markov_V2_O1,L2_H2_D16_performer_AttnOnlyTrue_PE-none_ResTrue_LNTrue_LR0.0005,ICL-Markov,2,1,performer,True,none,True,True,2,2,16,0.0005,0.565034,0.569403,0.565034,0.089000
ICL-Markov_V2_O1,L2_H1_D16_performer_AttnOnlyTrue_PE-absolute_ResTrue_LNTrue_LR0.0005,ICL-Markov,2,1,performer,True,absolute,True,True,2,1,16,0.0005,0.511812,0.517194,0.511812,0.035706
ICL-Markov_V2_O1,L2_H2_D16_performer_AttnOnlyTrue_PE-absolute_ResTrue_LNTrue_LR0.0005,ICL-Markov,2,1,performer,True,absolute,True,True,2,2,16,0.0005,0.503233,0.499799,0.503233,0.023192
ICL-Markov_V2_O1,L2_H1_D16_performer_AttnOnlyTrue_PE-rope_ResTrue_LNTrue_LR0.0005,ICL-Markov,2,1,performer,True,rope,True,True,2,1,16,0.0005,0.521944,0.528771,0.521944,0.046880
ICL-Markov_V2_O1,L2_H2_D16_performer_AttnOnlyTrue_PE-rope_ResTrue_LNTrue_LR0.0005,ICL-Markov,2,1,performer,True,rope,True,True,2,2,16,0.0005,0.527126,0.522280,0.527126,0.039003
ICL-Markov_V2_O1,L2_H1_D16_performer_AttnOnlyTrue_PE-none_ResTrue_LNFalse_LR0.0005,ICL-Markov,2,1,performer,True,none,True,False,2,1,16,0.0005,0.555015,0.554807,0.555015,0.073618
ICL-Markov_V2_O1,L2_H2_D16_performer_AttnOnlyTrue_PE-none_ResTrue_LNFalse_LR0.0005,ICL-Markov,2,1,performer,True,none,True,False,2,2,16,0.0005,0.549606,0.552214,0.549606,0.073934
ICL-Markov_V2_O1,L2_H1_D16_performer_AttnOnlyTrue_PE-absolute_ResTrue_LNFalse_LR0.0005,ICL-Markov,2,1,performer,True,absolute,True,False,2,1,16,0.0005,0.537618,0.539100,0.537618,0.059907
ICL-Markov_V2_O1,L2_H2_D16_performer_AttnOnlyTrue_PE-absolute_ResTrue_LNFalse_LR0.0005,ICL-Markov,2,1,performer,True,absolute,True,False,2,2,16,0.0005,0.547211,0.546561,0.547211,0.063025
ICL-Markov_V2_O1,L2_H1_D16_performer_AttnOnlyTrue_PE-rope_ResTrue_LNFalse_LR0.0005,ICL-Markov,2,1,performer,True,rope,True,False,2,1,16,0.0005,0.558208,0.544681,0.558208,0.059559
ICL-Markov_V2_O1,L2_H2_D16_performer_AttnOnlyTrue_PE-rope_ResTrue_LNFalse_LR0.0005,ICL-Markov,2,1,performer,True,rope,True,False,2,2,16,0.0005,0.531509,0.539634,0.531509,0.058649
ICL-Markov_V2_O1,L2_H1_D16_performer_AttnOnlyTrue_PE-none_ResFalse_LNTrue_LR0.0005,ICL-Markov,2,1,performer,True,none,False,True,2,1,16,0.0005,0.561633,0.555801,0.561633,0.074463
ICL-Markov_V2_O1,L2_H2_D16_performer_AttnOnlyTrue_PE-none_ResFalse_LNTrue_LR0.0005,ICL-Markov,2,1,performer,True,none,False,True,2,2,16,0.0005,0.536550,0.534121,0.536550,0.051104
ICL-Markov_V2_O1,L2_H1_D16_performer_AttnOnlyTrue_PE-absolute_ResFalse_LNTrue_LR0.0005,ICL-Markov,2,1,performer,True,absolute,False,True,2,1,16,0.0005,0.525086,0.523873,0.525086,0.042388
ICL-Markov_V2_O1,L2_H2_D16_performer_AttnOnlyTrue_PE-absolute_ResFalse_LNTrue_LR0.0005,ICL-Markov,2,1,performer,True,absolute,False,True,2,2,16,0.0005,0.498641,0.505328,0.498641,0.026302
ICL-Markov_V2_O1,L2_H1_D16_performer_AttnOnlyTrue_PE-rope_ResFalse_LNTrue_LR0.0005,ICL-Markov,2,1,performer,True,rope,False,True,2,1,16,0.0005,0.553368,0.551352,0.553368,0.074871
ICL-Markov_V2_O1,L2_H2_D16_performer_AttnOnlyTrue_PE-rope_ResFalse_LNTrue_LR0.0005,ICL-Markov,2,1,performer,True,rope,False,True,2,2,16,0.0005,0.518070,0.514948,0.518070,0.037790
ICL-Markov_V2_O1,L2_H1_D16_performer_AttnOnlyTrue_PE-none_ResFalse_LNFalse_LR0.0005,ICL-Markov,2,1,performer,True,none,False,False,2,1,16,0.0005,0.566840,0.565820,0.566840,0.087869
ICL-Markov_V2_O1,L2_H2_D16_performer_AttnOnlyTrue_PE-none_ResFalse_LNFalse_LR0.0005,ICL-Markov,2,1,performer,True,none,False,False,2,2,16,0.0005,0.562867,0.568219,0.562867,0.087336
ICL-Markov_V2_O1,L2_H1_D16_performer_AttnOnlyTrue_PE-absolute_ResFalse_LNFalse_LR0.0005,ICL-Markov,2,1,performer,True,absolute,False,False,2,1,16,0.0005,0.562202,0.568103,0.562202,0.089738
ICL-Markov_V2_O1,L2_H2_D16_performer_AttnOnlyTrue_PE-absolute_ResFalse_LNFalse_LR0.0005,ICL-Markov,2,1,performer,True,absolute,False,False,2,2,16,0.0005,0.566565,0.561168,0.566565,0.079749
ICL-Markov_V2_O1,L2_H1_D16_performer_AttnOnlyTrue_PE-rope_ResFalse_LNFalse_LR0.0005,ICL-Markov,2,1,performer,True,rope,False,False,2,1,16,0.0005,0.565879,0.568252,0.565879,0.084676
ICL-Markov_V2_O1,L2_H2_D16_performer_AttnOnlyTrue_PE-rope_ResFalse_LNFalse_LR0.0005,ICL-Markov,2,1,performer,True,rope,False,False,2,2,16,0.0005,0.571948,0.566217,0.571948,0.081795
ICL-Markov_V2_O2,L2_H1_D16_performer_AttnOnlyTrue_PE-none_ResTrue_LNTrue_LR0.0005,ICL-Markov,2,2,performer,True,none,True,True,2,1,16,0.0005,0.599429,0.597530,0.599429,0.127551
ICL-Markov_V2_O2,L2_H2_D16_performer_AttnOnlyTrue_PE-none_ResTrue_LNTrue_LR0.0005,ICL-Markov,2,2,performer,True,none,True,True,2,2,16,0.0005,0.600608,0.601355,0.600608,0.131845
ICL-Markov_V2_O2,L2_H1_D16_performer_AttnOnlyTrue_PE-absolute_ResTrue_LNTrue_LR0.0005,ICL-Markov,2,2,performer,True,absolute,True,True,2,1,16,0.0005,0.583984,0.587863,0.583984,0.113576
ICL-Markov_V2_O2,L2_H2_D16_performer_AttnOnlyTrue_PE-absolute_ResTrue_LNTrue_LR0.0005,ICL-Markov,2,2,performer,True,absolute,True,True,2,2,16,0.0005,0.576587,0.567271,0.576587,0.102012
ICL-Markov_V2_O2,L2_H1_D16_performer_AttnOnlyTrue_PE-rope_ResTrue_LNTrue_LR0.0005,ICL-Markov,2,2,performer,True,rope,True,True,2,1,16,0.0005,0.591347,0.595300,0.591347,0.124307
ICL-Markov_V2_O2,L2_H2_D16_performer_AttnOnlyTrue_PE-rope_ResTrue_LNTrue_LR0.0005,ICL-Markov,2,2,performer,True,rope,True,True,2,2,16,0.0005,0.591345,0.583508,0.591345,0.118496
ICL-Markov_V2_O2,L2_H1_D16_performer_AttnOnlyTrue_PE-none_ResTrue_LNFalse_LR0.0005,ICL-Markov,2,2,performer,True,none,True,False,2,1,16,0.0005,0.602478,0.607720,0.602478,0.140008
ICL-Markov_V2_O2,L2_H2_D16_performer_AttnOnlyTrue_PE-none_ResTrue_LNFalse_LR0.0005,ICL-Markov,2,2,performer,True,none,True,False,2,2,16,0.0005,0.600722,0.601525,0.600722,0.138373
ICL-Markov_V2_O2,L2_H1_D16_performer_AttnOnlyTrue_PE-absolute_ResTrue_LNFalse_LR0.0005,ICL-Markov,2,2,performer,True,absolute,True,False,2,1,16,0.0005,0.601085,0.601669,0.601085,0.132198
ICL-Markov_V2_O2,L2_H2_D16_performer_AttnOnlyTrue_PE-absolute_ResTrue_LNFalse_LR0.0005,ICL-Markov,2,2,performer,True,absolute,True,False,2,2,16,0.0005,0.604378,0.604118,0.604378,0.134838
ICL-Markov_V2_O2,L2_H1_D16_performer_AttnOnlyTrue_PE-rope_ResTrue_LNFalse_LR0.0005,ICL-Markov,2,2,performer,True,rope,True,False,2,1,16,0.0005,0.606905,0.603878,0.606905,0.130299
ICL-Markov_V2_O2,L2_H2_D16_performer_AttnOnlyTrue_PE-rope_ResTrue_LNFalse_LR0.0005,ICL-Markov,2,2,performer,True,rope,True,False,2,2,16,0.0005,0.608726,0.603187,0.608726,0.133807
ICL-Markov_V2_O2,L2_H1_D16_performer_AttnOnlyTrue_PE-none_ResFalse_LNTrue_LR0.0005,ICL-Markov,2,2,performer,True,none,False,True,2,1,16,0.0005,0.592731,0.602740,0.592731,0.132258
ICL-Markov_V2_O2,L2_H2_D16_performer_AttnOnlyTrue_PE-none_ResFalse_LNTrue_LR0.0005,ICL-Markov,2,2,performer,True,none,False,True,2,2,16,0.0005,0.593442,0.597008,0.593442,0.128284
ICL-Markov_V2_O2,L2_H1_D16_performer_AttnOnlyTrue_PE-absolute_ResFalse_LNTrue_LR0.0005,ICL-Markov,2,2,performer,True,absolute,False,True,2,1,16,0.0005,0.598501,0.601077,0.598501,0.132752
ICL-Markov_V2_O2,L2_H2_D16_performer_AttnOnlyTrue_PE-absolute_ResFalse_LNTrue_LR0.0005,ICL-Markov,2,2,performer,True,absolute,False,True,2,2,16,0.0005,0.582653,0.583761,0.582653,0.109155
ICL-Markov_V2_O2,L2_H1_D16_performer_AttnOnlyTrue_PE-rope_ResFalse_LNTrue_LR0.0005,ICL-Markov,2,2,performer,True,rope,False,True,2,1,16,0.0005,0.607829,0.605391,0.607829,0.141385
ICL-Markov_V2_O2,L2_H2_D16_performer_AttnOnlyTrue_PE-rope_ResFalse_LNTrue_LR0.0005,ICL-Markov,2,2,performer,True,rope,False,True,2,2,16,0.0005,0.588321,0.585038,0.588321,0.116538
ICL-Markov_V2_O2,L2_H1_D16_performer_AttnOnlyTrue_PE-none_ResFalse_LNFalse_LR0.0005,ICL-Markov,2,2,performer,True,none,False,False,2,1,16,0.0005,0.615179,0.607616,0.615179,0.139957
ICL-Markov_V2_O2,L2_H2_D16_performer_AttnOnlyTrue_PE-none_ResFalse_LNFalse_LR0.0005,ICL-Markov,2,2,performer,True,none,False,False,2,2,16,0.0005,0.620395,0.613710,0.620395,0.144393
ICL-Markov_V2_O2,L2_H1_D16_performer_AttnOnlyTrue_PE-absolute_ResFalse_LNFalse_LR0.0005,ICL-Markov,2,2,performer,True,absolute,False,False,2,1,16,0.0005,0.612985,0.610510,0.612985,0.141094
ICL-Markov_V2_O2,L2_H2_D16_performer_AttnOnlyTrue_PE-absolute_ResFalse_LNFalse_LR0.0005,ICL-Markov,2,2,performer,True,absolute,False,False,2,2,16,0.0005,0.602906,0.606410,0.602906,0.136584
ICL-Markov_V2_O2,L2_H1_D16_performer_AttnOnlyTrue_PE-rope_ResFalse_LNFalse_LR0.0005,ICL-Markov,2,2,performer,True,rope,False,False,2,1,16,0.0005,0.605845,0.604611,0.605845,0.136655
ICL-Markov_V2_O2,L2_H2_D16_performer_AttnOnlyTrue_PE-rope_ResFalse_LNFalse_LR0.0005,ICL-Markov,2,2,performer,True,rope,False,False,2,2,16,0.0005,0.606284,0.599389,0.606284,0.133836
ICL-Markov_V3_O1,L2_H1_D16_performer_AttnOnlyTrue_PE-none_ResTrue_LNTrue_LR0.0005,ICL-Markov,3,1,performer,True,none,True,True,2,1,16,0.0005,0.958231,0.963553,0.958231,0.151958
ICL-Markov_V3_O1,L2_H2_D16_performer_AttnOnlyTrue_PE-none_ResTrue_LNTrue_LR0.0005,ICL-Markov,3,1,performer,True,none,True,True,2,2,16,0.0005,0.951868,0.958738,0.951868,0.138024
ICL-Markov_V3_O1,L2_H1_D16_performer_AttnOnlyTrue_PE-absolute_ResTrue_LNTrue_LR0.0005,ICL-Markov,3,1,performer,True,absolute,True,True,2,1,16,0.0005,0.890637,0.886327,0.890637,0.063233
ICL-Markov_V3_O1,L2_H2_D16_performer_AttnOnlyTrue_PE-absolute_ResTrue_LNTrue_LR0.0005,ICL-Markov,3,1,performer,True,absolute,True,True,2,2,16,0.0005,0.882241,0.884876,0.882241,0.070359
ICL-Markov_V3_O1,L2_H1_D16_performer_AttnOnlyTrue_PE-rope_ResTrue_LNTrue_LR0.0005,ICL-Markov,3,1,performer,True,rope,True,True,2,1,16,0.0005,0.933860,0.931884,0.933860,0.113575
ICL-Markov_V3_O1,L2_H2_D16_performer_AttnOnlyTrue_PE-rope_ResTrue_LNTrue_LR0.0005,ICL-Markov,3,1,performer,True,rope,True,True,2,2,16,0.0005,0.918245,0.914750,0.918245,0.093724
ICL-Markov_V3_O1,L2_H1_D16_performer_AttnOnlyTrue_PE-none_ResTrue_LNFalse_LR0.0005,ICL-Markov,3,1,performer,True,none,True,False,2,1,16,0.0005,0.977159,0.980562,0.977159,0.162303
ICL-Markov_V3_O1,L2_H2_D16_performer_AttnOnlyTrue_PE-none_ResTrue_LNFalse_LR0.0005,ICL-Markov,3,1,performer,True,none,True,False,2,2,16,0.0005,0.978056,0.973012,0.978056,0.153449
ICL-Markov_V3_O1,L2_H1_D16_performer_AttnOnlyTrue_PE-absolute_ResTrue_LNFalse_LR0.0005,ICL-Markov,3,1,performer,True,absolute,True,False,2,1,16,0.0005,0.985089,0.982206,0.985089,0.166628
ICL-Markov_V3_O1,L2_H2_D16_performer_AttnOnlyTrue_PE-absolute_ResTrue_LNFalse_LR0.0005,ICL-Markov,3,1,performer,True,absolute,True,False,2,2,16,0.0005,0.962827,0.967657,0.962827,0.153931
ICL-Markov_V3_O1,L2_H1_D16_performer_AttnOnlyTrue_PE-rope_ResTrue_LNFalse_LR0.0005,ICL-Markov,3,1,performer,True,rope,True,False,2,1,16,0.0005,0.991379,0.993819,0.991379,0.176331
ICL-Markov_V3_O1,L2_H2_D16_performer_AttnOnlyTrue_PE-rope_ResTrue_LNFalse_LR0.0005,ICL-Markov,3,1,performer,True,rope,True,False,2,2,16,0.0005,0.992592,0.988708,0.992592,0.170029
ICL-Markov_V3_O1,L2_H1_D16_performer_AttnOnlyTrue_PE-none_ResFalse_LNTrue_LR0.0005,ICL-Markov,3,1,performer,True,none,False,True,2,1,16,0.0005,0.988075,0.988600,0.988075,0.171228
ICL-Markov_V3_O1,L2_H2_D16_performer_AttnOnlyTrue_PE-none_ResFalse_LNTrue_LR0.0005,ICL-Markov,3,1,performer,True,none,False,True,2,2,16,0.0005,0.971080,0.966788,0.971080,0.141342
ICL-Markov_V3_O1,L2_H1_D16_performer_AttnOnlyTrue_PE-absolute_ResFalse_LNTrue_LR0.0005,ICL-Markov,3,1,performer,True,absolute,False,True,2,1,16,0.0005,0.962454,0.958723,0.962454,0.137894
ICL-Markov_V3_O1,L2_H2_D16_performer_AttnOnlyTrue_PE-absolute_ResFalse_LNTrue_LR0.0005,ICL-Markov,3,1,performer,True,absolute,False,True,2,2,16,0.0005,0.935052,0.945490,0.935052,0.128310
ICL-Markov_V3_O1,L2_H1_D16_performer_AttnOnlyTrue_PE-rope_ResFalse_LNTrue_LR0.0005,ICL-Markov,3,1,performer,True,rope,False,True,2,1,16,0.0005,0.993060,0.992539,0.993060,0.173289
ICL-Markov_V3_O1,L2_H2_D16_performer_AttnOnlyTrue_PE-rope_ResFalse_LNTrue_LR0.0005,ICL-Markov,3,1,performer,True,rope,False,True,2,2,16,0.0005,0.977971,0.974865,0.977971,0.152189
ICL-Markov_V3_O1,L2_H1_D16_performer_AttnOnlyTrue_PE-none_ResFalse_LNFalse_LR0.0005,ICL-Markov,3,1,performer,True,none,False,False,2,1,16,0.0005,1.044658,1.045576,1.044658,0.227709
ICL-Markov_V3_O1,L2_H2_D16_performer_AttnOnlyTrue_PE-none_ResFalse_LNFalse_LR0.0005,ICL-Markov,3,1,performer,True,none,False,False,2,2,16,0.0005,1.051277,1.045620,1.051277,0.224420
ICL-Markov_V3_O1,L2_H1_D16_performer_AttnOnlyTrue_PE-absolute_ResFalse_LNFalse_LR0.0005,ICL-Markov,3,1,performer,True,absolute,False,False,2,1,16,0.0005,1.042786,1.040212,1.042786,0.215543
ICL-Markov_V3_O1,L2_H2_D16_performer_AttnOnlyTrue_PE-absolute_ResFalse_LNFalse_LR0.0005,ICL-Markov,3,1,performer,True,absolute,False,False,2,2,16,0.0005,1.042383,1.042772,1.042383,0.224711
ICL-Markov_V3_O1,L2_H1_D16_performer_AttnOnlyTrue_PE-rope_ResFalse_LNFalse_LR0.0005,ICL-Markov,3,1,performer,True,rope,False,False,2,1,16,0.0005,1.005513,0.997939,1.005513,0.180060
ICL-Markov_V3_O1,L2_H2_D16_performer_AttnOnlyTrue_PE-rope_ResFalse_LNFalse_LR0.0005,ICL-Markov,3,1,performer,True,rope,False,False,2,2,16,0.0005,1.046610,1.045227,1.046610,0.226973
ICL-Markov_V3_O2,L2_H1_D16_performer_AttnOnlyTrue_PE-none_ResTrue_LNTrue_LR0.0005,ICL-Markov,3,2,performer,True,none,True,True,2,1,16,0.0005,1.054216,1.057306,1.054216,0.235851
ICL-Markov_V3_O2,L2_H2_D16_performer_AttnOnlyTrue_PE-none_ResTrue_LNTrue_LR0.0005,ICL-Markov,3,2,performer,True,none,True,True,2,2,16,0.0005,1.048861,1.051528,1.048861,0.238627
ICL-Markov_V3_O2,L2_H1_D16_performer_AttnOnlyTrue_PE-absolute_ResTrue_LNTrue_LR0.0005,ICL-Markov,3,2,performer,True,absolute,True,True,2,1,16,0.0005,1.048254,1.049708,1.048254,0.230107
ICL-Markov_V3_O2,L2_H2_D16_performer_AttnOnlyTrue_PE-absolute_ResTrue_LNTrue_LR0.0005,ICL-Markov,3,2,performer,True,absolute,True,True,2,2,16,0.0005,1.040415,1.039851,1.040415,0.221982
ICL-Markov_V3_O2,L2_H1_D16_performer_AttnOnlyTrue_PE-rope_ResTrue_LNTrue_LR0.0005,ICL-Markov,3,2,performer,True,rope,True,True,2,1,16,0.0005,1.050963,1.050238,1.050963,0.228591
ICL-Markov_V3_O2,L2_H2_D16_performer_AttnOnlyTrue_PE-rope_ResTrue_LNTrue_LR0.0005,ICL-Markov,3,2,performer,True,rope,True,True,2,2,16,0.0005,1.047868,1.047789,1.047868,0.229564
ICL-Markov_V3_O2,L2_H1_D16_performer_AttnOnlyTrue_PE-none_ResTrue_LNFalse_LR0.0005,ICL-Markov,3,2,performer,True,none,True,False,2,1,16,0.0005,1.062394,1.060717,1.062394,0.247680
ICL-Markov_V3_O2,L2_H2_D16_performer_AttnOnlyTrue_PE-none_ResTrue_LNFalse_LR0.0005,ICL-Markov,3,2,performer,True,none,True,False,2,2,16,0.0005,1.059464,1.058184,1.059464,0.238722
ICL-Markov_V3_O2,L2_H1_D16_performer_AttnOnlyTrue_PE-absolute_ResTrue_LNFalse_LR0.0005,ICL-Markov,3,2,performer,True,absolute,True,False,2,1,16,0.0005,1.060496,1.061047,1.060496,0.245133
ICL-Markov_V3_O2,L2_H2_D16_performer_AttnOnlyTrue_PE-absolute_ResTrue_LNFalse_LR0.0005,ICL-Markov,3,2,performer,True,absolute,True,False,2,2,16,0.0005,1.068449,1.065472,1.068449,0.238015
ICL-Markov_V3_O2,L2_H1_D16_performer_AttnOnlyTrue_PE-rope_ResTrue_LNFalse_LR0.0005,ICL-Markov,3,2,performer,True,rope,True,False,2,1,16,0.0005,1.062852,1.063954,1.062852,0.242968
ICL-Markov_V3_O2,L2_H2_D16_performer_AttnOnlyTrue_PE-rope_ResTrue_LNFalse_LR0.0005,ICL-Markov,3,2,performer,True,rope,True,False,2,2,16,0.0005,1.058049,1.059791,1.058049,0.241471
ICL-Markov_V3_O2,L2_H1_D16_performer_AttnOnlyTrue_PE-none_ResFalse_LNTrue_LR0.0005,ICL-Markov,3,2,performer,True,none,False,True,2,1,16,0.0005,1.052695,1.058857,1.052695,0.244027
ICL-Markov_V3_O2,L2_H2_D16_performer_AttnOnlyTrue_PE-none_ResFalse_LNTrue_LR0.0005,ICL-Markov,3,2,performer,True,none,False,True,2,2,16,0.0005,1.056586,1.060370,1.056586,0.239455
ICL-Markov_V3_O2,L2_H1_D16_performer_AttnOnlyTrue_PE-absolute_ResFalse_LNTrue_LR0.0005,ICL-Markov,3,2,performer,True,absolute,False,True,2,1,16,0.0005,1.050037,1.048678,1.050037,0.228229
ICL-Markov_V3_O2,L2_H2_D16_performer_AttnOnlyTrue_PE-absolute_ResFalse_LNTrue_LR0.0005,ICL-Markov,3,2,performer,True,absolute,False,True,2,2,16,0.0005,1.056918,1.053477,1.056918,0.233388
ICL-Markov_V3_O2,L2_H1_D16_performer_AttnOnlyTrue_PE-rope_ResFalse_LNTrue_LR0.0005,ICL-Markov,3,2,performer,True,rope,False,True,2,1,16,0.0005,1.056377,1.058307,1.056377,0.239078
ICL-Markov_V3_O2,L2_H2_D16_performer_AttnOnlyTrue_PE-rope_ResFalse_LNTrue_LR0.0005,ICL-Markov,3,2,performer,True,rope,False,True,2,2,16,0.0005,1.059394,1.057908,1.059394,0.234843
ICL-Markov_V3_O2,L2_H1_D16_performer_AttnOnlyTrue_PE-none_ResFalse_LNFalse_LR0.0005,ICL-Markov,3,2,performer,True,none,False,False,2,1,16,0.0005,1.075583,1.080179,1.075583,0.262102
ICL-Markov_V3_O2,L2_H2_D16_performer_AttnOnlyTrue_PE-none_ResFalse_LNFalse_LR0.0005,ICL-Markov,3,2,performer,True,none,False,False,2,2,16,0.0005,1.078060,1.078092,1.078060,0.255485
ICL-Markov_V3_O2,L2_H1_D16_performer_AttnOnlyTrue_PE-absolute_ResFalse_LNFalse_LR0.0005,ICL-Markov,3,2,performer,True,absolute,False,False,2,1,16,0.0005,1.076201,1.078741,1.076201,0.257886
ICL-Markov_V3_O2,L2_H2_D16_performer_AttnOnlyTrue_PE-absolute_ResFalse_LNFalse_LR0.0005,ICL-Markov,3,2,performer,True,absolute,False,False,2,2,16,0.0005,1.079576,1.079231,1.079576,0.261265
ICL-Markov_V3_O2,L2_H1_D16_performer_AttnOnlyTrue_PE-rope_ResFalse_LNFalse_LR0.0005,ICL-Markov,3,2,performer,True,rope,False,False,2,1,16,0.0005,1.081376,1.078487,1.081376,0.257762
ICL-Markov_V3_O2,L2_H2_D16_performer_AttnOnlyTrue_PE-rope_ResFalse_LNFalse_LR0.0005,ICL-Markov,3,2,performer,True,rope,False,False,2,2,16,0.0005,1.078306,1.077591,1.078306,0.258336
ICL-HMM_V2_O1,L2_H1_D16_performer_AttnOnlyTrue_PE-none_ResTrue_LNTrue_LR0.0005,ICL-HMM,2,1,performer,True,none,True,True,2,1,16,0.0005,0.584596,0.587441,0.584596,0.019464
ICL-HMM_V2_O1,L2_H2_D16_performer_AttnOnlyTrue_PE-none_ResTrue_LNTrue_LR0.0005,ICL-HMM,2,1,performer,True,none,True,True,2,2,16,0.0005,0.596555,0.586963,0.596555,0.017717
ICL-HMM_V2_O1,L2_H1_D16_performer_AttnOnlyTrue_PE-absolute_ResTrue_LNTrue_LR0.0005,ICL-HMM,2,1,performer,True,absolute,True,True,2,1,16,0.0005,0.583807,0.587436,0.583807,0.017943
ICL-HMM_V2_O1,L2_H2_D16_performer_AttnOnlyTrue_PE-absolute_ResTrue_LNTrue_LR0.0005,ICL-HMM,2,1,performer,True,absolute,True,True,2,2,16,0.0005,0.579254,0.582213,0.579254,0.018220
ICL-HMM_V2_O1,L2_H1_D16_performer_AttnOnlyTrue_PE-rope_ResTrue_LNTrue_LR0.0005,ICL-HMM,2,1,performer,True,rope,True,True,2,1,16,0.0005,0.586667,0.588609,0.586667,0.019502
ICL-HMM_V2_O1,L2_H2_D16_performer_AttnOnlyTrue_PE-rope_ResTrue_LNTrue_LR0.0005,ICL-HMM,2,1,performer,True,rope,True,True,2,2,16,0.0005,0.581503,0.581726,0.581503,0.019053
ICL-HMM_V2_O1,L2_H1_D16_performer_AttnOnlyTrue_PE-none_ResTrue_LNFalse_LR0.0005,ICL-HMM,2,1,performer,True,none,True,False,2,1,16,0.0005,0.587161,0.588123,0.587161,0.022812
ICL-HMM_V2_O1,L2_H2_D16_performer_AttnOnlyTrue_PE-none_ResTrue_LNFalse_LR0.0005,ICL-HMM,2,1,performer,True,none,True,False,2,2,16,0.0005,0.595343,0.589000,0.595343,0.020681
ICL-HMM_V2_O1,L2_H1_D16_performer_AttnOnlyTrue_PE-absolute_ResTrue_LNFalse_LR0.0005,ICL-HMM,2,1,performer,True,absolute,True,False,2,1,16,0.0005,0.588295,0.587979,0.588295,0.019401
ICL-HMM_V2_O1,L2_H2_D16_performer_AttnOnlyTrue_PE-absolute_ResTrue_LNFalse_LR0.0005,ICL-HMM,2,1,performer,True,absolute,True,False,2,2,16,0.0005,0.592789,0.587240,0.592789,0.021973
ICL-HMM_V2_O1,L2_H1_D16_performer_AttnOnlyTrue_PE-rope_ResTrue_LNFalse_LR0.0005,ICL-HMM,2,1,performer,True,rope,True,False,2,1,16,0.0005,0.582063,0.587046,0.582063,0.018200
ICL-HMM_V2_O1,L2_H2_D16_performer_AttnOnlyTrue_PE-rope_ResTrue_LNFalse_LR0.0005,ICL-HMM,2,1,performer,True,rope,True,False,2,2,16,0.0005,0.594765,0.587740,0.594765,0.022717
ICL-HMM_V2_O1,L2_H1_D16_performer_AttnOnlyTrue_PE-none_ResFalse_LNTrue_LR0.0005,ICL-HMM,2,1,performer,True,none,False,True,2,1,16,0.0005,0.593687,0.591136,0.593687,0.019783
ICL-HMM_V2_O1,L2_H2_D16_performer_AttnOnlyTrue_PE-none_ResFalse_LNTrue_LR0.0005,ICL-HMM,2,1,performer,True,none,False,True,2,2,16,0.0005,0.588430,0.586899,0.588430,0.019401
ICL-HMM_V2_O1,L2_H1_D16_performer_AttnOnlyTrue_PE-absolute_ResFalse_LNTrue_LR0.0005,ICL-HMM,2,1,performer,True,absolute,False,True,2,1,16,0.0005,0.584393,0.586632,0.584393,0.019069
ICL-HMM_V2_O1,L2_H2_D16_performer_AttnOnlyTrue_PE-absolute_ResFalse_LNTrue_LR0.0005,ICL-HMM,2,1,performer,True,absolute,False,True,2,2,16,0.0005,0.592681,0.584407,0.592681,0.019042
ICL-HMM_V2_O1,L2_H1_D16_performer_AttnOnlyTrue_PE-rope_ResFalse_LNTrue_LR0.0005,ICL-HMM,2,1,performer,True,rope,False,True,2,1,16,0.0005,0.586376,0.591756,0.586376,0.022773
ICL-HMM_V2_O1,L2_H2_D16_performer_AttnOnlyTrue_PE-rope_ResFalse_LNTrue_LR0.0005,ICL-HMM,2,1,performer,True,rope,False,True,2,2,16,0.0005,0.582207,0.583613,0.582207,0.019902
ICL-HMM_V2_O1,L2_H1_D16_performer_AttnOnlyTrue_PE-none_ResFalse_LNFalse_LR0.0005,ICL-HMM,2,1,performer,True,none,False,False,2,1,16,0.0005,0.590117,0.589858,0.590117,0.021989
ICL-HMM_V2_O1,L2_H2_D16_performer_AttnOnlyTrue_PE-none_ResFalse_LNFalse_LR0.0005,ICL-HMM,2,1,performer,True,none,False,False,2,2,16,0.0005,0.579419,0.586019,0.579419,0.021884
ICL-HMM_V2_O1,L2_H1_D16_performer_AttnOnlyTrue_PE-absolute_ResFalse_LNFalse_LR0.0005,ICL-HMM,2,1,performer,True,absolute,False,False,2,1,16,0.0005,0.584051,0.588035,0.584051,0.018621
ICL-HMM_V2_O1,L2_H2_D16_performer_AttnOnlyTrue_PE-absolute_ResFalse_LNFalse_LR0.0005,ICL-HMM,2,1,performer,True,absolute,False,False,2,2,16,0.0005,0.574570,0.583661,0.574570,0.019449
ICL-HMM_V2_O1,L2_H1_D16_performer_AttnOnlyTrue_PE-rope_ResFalse_LNFalse_LR0.0005,ICL-HMM,2,1,performer,True,rope,False,False,2,1,16,0.0005,0.575214,0.587745,0.575214,0.020508
ICL-HMM_V2_O1,L2_H2_D16_performer_AttnOnlyTrue_PE-rope_ResFalse_LNFalse_LR0.0005,ICL-HMM,2,1,performer,True,rope,False,False,2,2,16,0.0005,0.584512,0.586787,0.584512,0.022451
ICL-HMM_V2_O2,L2_H1_D16_performer_AttnOnlyTrue_PE-none_ResTrue_LNTrue_LR0.0005,ICL-HMM,2,2,performer,True,none,True,True,2,1,16,0.0005,0.592643,0.593587,0.592643,0.028785
ICL-HMM_V2_O2,L2_H2_D16_performer_AttnOnlyTrue_PE-none_ResTrue_LNTrue_LR0.0005,ICL-HMM,2,2,performer,True,none,True,True,2,2,16,0.0005,0.589348,0.591560,0.589348,0.026560
ICL-HMM_V2_O2,L2_H1_D16_performer_AttnOnlyTrue_PE-absolute_ResTrue_LNTrue_LR0.0005,ICL-HMM,2,2,performer,True,absolute,True,True,2,1,16,0.0005,0.593702,0.589457,0.593702,0.025913
ICL-HMM_V2_O2,L2_H2_D16_performer_AttnOnlyTrue_PE-absolute_ResTrue_LNTrue_LR0.0005,ICL-HMM,2,2,performer,True,absolute,True,True,2,2,16,0.0005,0.582201,0.590305,0.582201,0.026891
ICL-HMM_V2_O2,L2_H1_D16_performer_AttnOnlyTrue_PE-rope_ResTrue_LNTrue_LR0.0005,ICL-HMM,2,2,performer,True,rope,True,True,2,1,16,0.0005,0.597058,0.596045,0.597058,0.029310
ICL-HMM_V2_O2,L2_H2_D16_performer_AttnOnlyTrue_PE-rope_ResTrue_LNTrue_LR0.0005,ICL-HMM,2,2,performer,True,rope,True,True,2,2,16,0.0005,0.588012,0.593747,0.588012,0.027847
ICL-HMM_V2_O2,L2_H1_D16_performer_AttnOnlyTrue_PE-none_ResTrue_LNFalse_LR0.0005,ICL-HMM,2,2,performer,True,none,True,False,2,1,16,0.0005,0.605193,0.599879,0.605193,0.030437
ICL-HMM_V2_O2,L2_H2_D16_performer_AttnOnlyTrue_PE-none_ResTrue_LNFalse_LR0.0005,ICL-HMM,2,2,performer,True,none,True,False,2,2,16,0.0005,0.606064,0.598471,0.606064,0.032816
ICL-HMM_V2_O2,L2_H1_D16_performer_AttnOnlyTrue_PE-absolute_ResTrue_LNFalse_LR0.0005,ICL-HMM,2,2,performer,True,absolute,True,False,2,1,16,0.0005,0.590934,0.589540,0.590934,0.027591
ICL-HMM_V2_O2,L2_H2_D16_performer_AttnOnlyTrue_PE-absolute_ResTrue_LNFalse_LR0.0005,ICL-HMM,2,2,performer,True,absolute,True,False,2,2,16,0.0005,0.596062,0.597102,0.596062,0.029951
ICL-HMM_V2_O2,L2_H1_D16_performer_AttnOnlyTrue_PE-rope_ResTrue_LNFalse_LR0.0005,ICL-HMM,2,2,performer,True,rope,True,False,2,1,16,0.0005,0.598062,0.593429,0.598062,0.029679
ICL-HMM_V2_O2,L2_H2_D16_performer_AttnOnlyTrue_PE-rope_ResTrue_LNFalse_LR0.0005,ICL-HMM,2,2,performer,True,rope,True,False,2,2,16,0.0005,0.594421,0.591212,0.594421,0.027565
ICL-HMM_V2_O2,L2_H1_D16_performer_AttnOnlyTrue_PE-none_ResFalse_LNTrue_LR0.0005,ICL-HMM,2,2,performer,True,none,False,True,2,1,16,0.0005,0.593542,0.595873,0.593542,0.026294
ICL-HMM_V2_O2,L2_H2_D16_performer_AttnOnlyTrue_PE-none_ResFalse_LNTrue_LR0.0005,ICL-HMM,2,2,performer,True,none,False,True,2,2,16,0.0005,0.590859,0.595318,0.590859,0.028583
ICL-HMM_V2_O2,L2_H1_D16_performer_AttnOnlyTrue_PE-absolute_ResFalse_LNTrue_LR0.0005,ICL-HMM,2,2,performer,True,absolute,False,True,2,1,16,0.0005,0.600959,0.590996,0.600959,0.027699
ICL-HMM_V2_O2,L2_H2_D16_performer_AttnOnlyTrue_PE-absolute_ResFalse_LNTrue_LR0.0005,ICL-HMM,2,2,performer,True,absolute,False,True,2,2,16,0.0005,0.586285,0.591262,0.586285,0.026016
ICL-HMM_V2_O2,L2_H1_D16_performer_AttnOnlyTrue_PE-rope_ResFalse_LNTrue_LR0.0005,ICL-HMM,2,2,performer,True,rope,False,True,2,1,16,0.0005,0.593458,0.595314,0.593458,0.028820
ICL-HMM_V2_O2,L2_H2_D16_performer_AttnOnlyTrue_PE-rope_ResFalse_LNTrue_LR0.0005,ICL-HMM,2,2,performer,True,rope,False,True,2,2,16,0.0005,0.592419,0.591625,0.592419,0.028031
ICL-HMM_V2_O2,L2_H1_D16_performer_AttnOnlyTrue_PE-none_ResFalse_LNFalse_LR0.0005,ICL-HMM,2,2,performer,True,none,False,False,2,1,16,0.0005,0.595958,0.595434,0.595958,0.031043
ICL-HMM_V2_O2,L2_H2_D16_performer_AttnOnlyTrue_PE-none_ResFalse_LNFalse_LR0.0005,ICL-HMM,2,2,performer,True,none,False,False,2,2,16,0.0005,0.584628,0.595705,0.584628,0.030006
ICL-HMM_V2_O2,L2_H1_D16_performer_AttnOnlyTrue_PE-absolute_ResFalse_LNFalse_LR0.0005,ICL-HMM,2,2,performer,True,absolute,False,False,2,1,16,0.0005,0.588622,0.593786,0.588622,0.027760
ICL-HMM_V2_O2,L2_H2_D16_performer_AttnOnlyTrue_PE-absolute_ResFalse_LNFalse_LR0.0005,ICL-HMM,2,2,performer,True,absolute,False,False,2,2,16,0.0005,0.587906,0.591349,0.587906,0.028300
ICL-HMM_V2_O2,L2_H1_D16_performer_AttnOnlyTrue_PE-rope_ResFalse_LNFalse_LR0.0005,ICL-HMM,2,2,performer,True,rope,False,False,2,1,16,0.0005,0.593414,0.594599,0.593414,0.031044
ICL-HMM_V2_O2,L2_H2_D16_performer_AttnOnlyTrue_PE-rope_ResFalse_LNFalse_LR0.0005,ICL-HMM,2,2,performer,True,rope,False,False,2,2,16,0.0005,0.586556,0.591472,0.586556,0.028950
ICL-HMM_V3_O1,L2_H1_D16_performer_AttnOnlyTrue_PE-none_ResTrue_LNTrue_LR0.0005,ICL-HMM,3,1,performer,True,none,True,True,2,1,16,0.0005,0.955121,0.952102,0.955121,0.031871
ICL-HMM_V3_O1,L2_H2_D16_performer_AttnOnlyTrue_PE-none_ResTrue_LNTrue_LR0.0005,ICL-HMM,3,1,performer,True,none,True,True,2,2,16,0.0005,0.945794,0.948378,0.945794,0.028623
ICL-HMM_V3_O1,L2_H1_D16_performer_AttnOnlyTrue_PE-absolute_ResTrue_LNTrue_LR0.0005,ICL-HMM,3,1,performer,True,absolute,True,True,2,1,16,0.0005,0.942809,0.951286,0.942809,0.026272
ICL-HMM_V3_O1,L2_H2_D16_performer_AttnOnlyTrue_PE-absolute_ResTrue_LNTrue_LR0.0005,ICL-HMM,3,1,performer,True,absolute,True,True,2,2,16,0.0005,0.947302,0.947107,0.947302,0.027658
ICL-HMM_V3_O1,L2_H1_D16_performer_AttnOnlyTrue_PE-rope_ResTrue_LNTrue_LR0.0005,ICL-HMM,3,1,performer,True,rope,True,True,2,1,16,0.0005,0.958475,0.950457,0.958475,0.029235
ICL-HMM_V3_O1,L2_H2_D16_performer_AttnOnlyTrue_PE-rope_ResTrue_LNTrue_LR0.0005,ICL-HMM,3,1,performer,True,rope,True,True,2,2,16,0.0005,0.956303,0.952752,0.956303,0.029896
ICL-HMM_V3_O1,L2_H1_D16_performer_AttnOnlyTrue_PE-none_ResTrue_LNFalse_LR0.0005,ICL-HMM,3,1,performer,True,none,True,False,2,1,16,0.0005,0.955375,0.952334,0.955375,0.031594
ICL-HMM_V3_O1,L2_H2_D16_performer_AttnOnlyTrue_PE-none_ResTrue_LNFalse_LR0.0005,ICL-HMM,3,1,performer,True,none,True,False,2,2,16,0.0005,0.943546,0.949899,0.943546,0.031532
ICL-HMM_V3_O1,L2_H1_D16_performer_AttnOnlyTrue_PE-absolute_ResTrue_LNFalse_LR0.0005,ICL-HMM,3,1,performer,True,absolute,True,False,2,1,16,0.0005,0.955241,0.953091,0.955241,0.032524
ICL-HMM_V3_O1,L2_H2_D16_performer_AttnOnlyTrue_PE-absolute_ResTrue_LNFalse_LR0.0005,ICL-HMM,3,1,performer,True,absolute,True,False,2,2,16,0.0005,0.949748,0.947013,0.949748,0.029937
ICL-HMM_V3_O1,L2_H1_D16_performer_AttnOnlyTrue_PE-rope_ResTrue_LNFalse_LR0.0005,ICL-HMM,3,1,performer,True,rope,True,False,2,1,16,0.0005,0.944211,0.950609,0.944211,0.032847
ICL-HMM_V3_O1,L2_H2_D16_performer_AttnOnlyTrue_PE-rope_ResTrue_LNFalse_LR0.0005,ICL-HMM,3,1,performer,True,rope,True,False,2,2,16,0.0005,0.962890,0.954022,0.962890,0.031335
ICL-HMM_V3_O1,L2_H1_D16_performer_AttnOnlyTrue_PE-none_ResFalse_LNTrue_LR0.0005,ICL-HMM,3,1,performer,True,none,False,True,2,1,16,0.0005,0.969414,0.955183,0.969414,0.035489
ICL-HMM_V3_O1,L2_H2_D16_performer_AttnOnlyTrue_PE-none_ResFalse_LNTrue_LR0.0005,ICL-HMM,3,1,performer,True,none,False,True,2,2,16,0.0005,0.952910,0.950061,0.952910,0.029481
ICL-HMM_V3_O1,L2_H1_D16_performer_AttnOnlyTrue_PE-absolute_ResFalse_LNTrue_LR0.0005,ICL-HMM,3,1,performer,True,absolute,False,True,2,1,16,0.0005,0.943522,0.953491,0.943522,0.032744
ICL-HMM_V3_O1,L2_H2_D16_performer_AttnOnlyTrue_PE-absolute_ResFalse_LNTrue_LR0.0005,ICL-HMM,3,1,performer,True,absolute,False,True,2,2,16,0.0005,0.960290,0.950016,0.960290,0.028026
ICL-HMM_V3_O1,L2_H1_D16_performer_AttnOnlyTrue_PE-rope_ResFalse_LNTrue_LR0.0005,ICL-HMM,3,1,performer,True,rope,False,True,2,1,16,0.0005,0.949514,0.955963,0.949514,0.033886
ICL-HMM_V3_O1,L2_H2_D16_performer_AttnOnlyTrue_PE-rope_ResFalse_LNTrue_LR0.0005,ICL-HMM,3,1,performer,True,rope,False,True,2,2,16,0.0005,0.958989,0.951850,0.958989,0.029386
ICL-HMM_V3_O1,L2_H1_D16_performer_AttnOnlyTrue_PE-none_ResFalse_LNFalse_LR0.0005,ICL-HMM,3,1,performer,True,none,False,False,2,1,16,0.0005,1.024635,1.026101,1.024635,0.104114
ICL-HMM_V3_O1,L2_H2_D16_performer_AttnOnlyTrue_PE-none_ResFalse_LNFalse_LR0.0005,ICL-HMM,3,1,performer,True,none,False,False,2,2,16,0.0005,0.954043,0.958370,0.954043,0.038324
ICL-HMM_V3_O1,L2_H1_D16_performer_AttnOnlyTrue_PE-absolute_ResFalse_LNFalse_LR0.0005,ICL-HMM,3,1,performer,True,absolute,False,False,2,1,16,0.0005,1.028263,1.023235,1.028263,0.102582
ICL-HMM_V3_O1,L2_H2_D16_performer_AttnOnlyTrue_PE-absolute_ResFalse_LNFalse_LR0.0005,ICL-HMM,3,1,performer,True,absolute,False,False,2,2,16,0.0005,1.021458,1.023340,1.021458,0.102739
ICL-HMM_V3_O1,L2_H1_D16_performer_AttnOnlyTrue_PE-rope_ResFalse_LNFalse_LR0.0005,ICL-HMM,3,1,performer,True,rope,False,False,2,1,16,0.0005,1.026474,1.023376,1.026474,0.100898
ICL-HMM_V3_O1,L2_H2_D16_performer_AttnOnlyTrue_PE-rope_ResFalse_LNFalse_LR0.0005,ICL-HMM,3,1,performer,True,rope,False,False,2,2,16,0.0005,0.962517,0.963960,0.962517,0.043362
ICL-HMM_V3_O2,L2_H1_D16_performer_AttnOnlyTrue_PE-none_ResTrue_LNTrue_LR0.0005,ICL-HMM,3,2,performer,True,none,True,True,2,1,16,0.0005,0.959424,0.964750,0.959424,0.040186
ICL-HMM_V3_O2,L2_H2_D16_performer_AttnOnlyTrue_PE-none_ResTrue_LNTrue_LR0.0005,ICL-HMM,3,2,performer,True,none,True,True,2,2,16,0.0005,0.963540,0.960057,0.963540,0.040236
ICL-HMM_V3_O2,L2_H1_D16_performer_AttnOnlyTrue_PE-absolute_ResTrue_LNTrue_LR0.0005,ICL-HMM,3,2,performer,True,absolute,True,True,2,1,16,0.0005,0.963240,0.956939,0.963240,0.038928
ICL-HMM_V3_O2,L2_H2_D16_performer_AttnOnlyTrue_PE-absolute_ResTrue_LNTrue_LR0.0005,ICL-HMM,3,2,performer,True,absolute,True,True,2,2,16,0.0005,0.941824,0.953832,0.941824,0.037232
ICL-HMM_V3_O2,L2_H1_D16_performer_AttnOnlyTrue_PE-rope_ResTrue_LNTrue_LR0.0005,ICL-HMM,3,2,performer,True,rope,True,True,2,1,16,0.0005,0.966446,0.954733,0.966446,0.039419
ICL-HMM_V3_O2,L2_H2_D16_performer_AttnOnlyTrue_PE-rope_ResTrue_LNTrue_LR0.0005,ICL-HMM,3,2,performer,True,rope,True,True,2,2,16,0.0005,0.956454,0.957922,0.956454,0.040526
ICL-HMM_V3_O2,L2_H1_D16_performer_AttnOnlyTrue_PE-none_ResTrue_LNFalse_LR0.0005,ICL-HMM,3,2,performer,True,none,True,False,2,1,16,0.0005,0.964957,0.960506,0.964957,0.045515
ICL-HMM_V3_O2,L2_H2_D16_performer_AttnOnlyTrue_PE-none_ResTrue_LNFalse_LR0.0005,ICL-HMM,3,2,performer,True,none,True,False,2,2,16,0.0005,0.953347,0.961575,0.953347,0.043172
ICL-HMM_V3_O2,L2_H1_D16_performer_AttnOnlyTrue_PE-absolute_ResTrue_LNFalse_LR0.0005,ICL-HMM,3,2,performer,True,absolute,True,False,2,1,16,0.0005,0.953571,0.961861,0.953571,0.041527
ICL-HMM_V3_O2,L2_H2_D16_performer_AttnOnlyTrue_PE-absolute_ResTrue_LNFalse_LR0.0005,ICL-HMM,3,2,performer,True,absolute,True,False,2,2,16,0.0005,0.965312,0.960300,0.965312,0.042605
ICL-HMM_V3_O2,L2_H1_D16_performer_AttnOnlyTrue_PE-rope_ResTrue_LNFalse_LR0.0005,ICL-HMM,3,2,performer,True,rope,True,False,2,1,16,0.0005,0.963799,0.969013,0.963799,0.044766
ICL-HMM_V3_O2,L2_H2_D16_performer_AttnOnlyTrue_PE-rope_ResTrue_LNFalse_LR0.0005,ICL-HMM,3,2,performer,True,rope,True,False,2,2,16,0.0005,0.963773,0.962220,0.963773,0.041303
ICL-HMM_V3_O2,L2_H1_D16_performer_AttnOnlyTrue_PE-none_ResFalse_LNTrue_LR0.0005,ICL-HMM,3,2,performer,True,none,False,True,2,1,16,0.0005,0.974685,0.958505,0.974685,0.045103
ICL-HMM_V3_O2,L2_H2_D16_performer_AttnOnlyTrue_PE-none_ResFalse_LNTrue_LR0.0005,ICL-HMM,3,2,performer,True,none,False,True,2,2,16,0.0005,0.951971,0.962677,0.951971,0.040265
ICL-HMM_V3_O2,L2_H1_D16_performer_AttnOnlyTrue_PE-absolute_ResFalse_LNTrue_LR0.0005,ICL-HMM,3,2,performer,True,absolute,False,True,2,1,16,0.0005,0.962645,0.962013,0.962645,0.041353
ICL-HMM_V3_O2,L2_H2_D16_performer_AttnOnlyTrue_PE-absolute_ResFalse_LNTrue_LR0.0005,ICL-HMM,3,2,performer,True,absolute,False,True,2,2,16,0.0005,0.958481,0.956620,0.958481,0.038823
ICL-HMM_V3_O2,L2_H1_D16_performer_AttnOnlyTrue_PE-rope_ResFalse_LNTrue_LR0.0005,ICL-HMM,3,2,performer,True,rope,False,True,2,1,16,0.0005,0.957773,0.963572,0.957773,0.045095
ICL-HMM_V3_O2,L2_H2_D16_performer_AttnOnlyTrue_PE-rope_ResFalse_LNTrue_LR0.0005,ICL-HMM,3,2,performer,True,rope,False,True,2,2,16,0.0005,0.962314,0.958880,0.962314,0.039528
ICL-HMM_V3_O2,L2_H1_D16_performer_AttnOnlyTrue_PE-none_ResFalse_LNFalse_LR0.0005,ICL-HMM,3,2,performer,True,none,False,False,2,1,16,0.0005,1.034959,1.029981,1.034959,0.109928
ICL-HMM_V3_O2,L2_H2_D16_performer_AttnOnlyTrue_PE-none_ResFalse_LNFalse_LR0.0005,ICL-HMM,3,2,performer,True,none,False,False,2,2,16,0.0005,0.960427,0.967951,0.960427,0.048837
ICL-HMM_V3_O2,L2_H1_D16_performer_AttnOnlyTrue_PE-absolute_ResFalse_LNFalse_LR0.0005,ICL-HMM,3,2,performer,True,absolute,False,False,2,1,16,0.0005,1.018092,1.027537,1.018092,0.109331
ICL-HMM_V3_O2,L2_H2_D16_performer_AttnOnlyTrue_PE-absolute_ResFalse_LNFalse_LR0.0005,ICL-HMM,3,2,performer,True,absolute,False,False,2,2,16,0.0005,1.039951,1.030353,1.039951,0.111389
ICL-HMM_V3_O2,L2_H1_D16_performer_AttnOnlyTrue_PE-rope_ResFalse_LNFalse_LR0.0005,ICL-HMM,3,2,performer,True,rope,False,False,2,1,16,0.0005,1.031786,1.028401,1.031786,0.110905
ICL-HMM_V3_O2,L2_H2_D16_performer_AttnOnlyTrue_PE-rope_ResFalse_LNFalse_LR0.0005,ICL-HMM,3,2,performer,True,rope,False,False,2,2,16,0.0005,0.991124,0.991302,0.991124,0.069981
